,0001.HK,0002.HK,0003.HK,0005.HK,0006.HK,0011.HK,0012.HK,0016.HK,0017.HK,0019.HK,0027.HK,0066.HK,0083.HK,0101.HK,0151.HK,0175.HK,0267.HK,0288.HK,0386.HK,0388.HK,0688.HK,0700.HK,0762.HK,0823.HK,0836.HK,0857.HK,0883.HK,0939.HK,0941.HK,1038.HK,1044.HK,1088.HK,1093.HK,1109.HK,1113.HK,1177.HK,1299.HK,1398.HK,1928.HK,1997.HK,2003.HK,2018.HK,2313.HK,2318.HK,2319.HK,2382.HK,2388.HK,2628.HK,3328.HK,3988.HK
2008-10-31,35.335506,36.423325,4.252132,55.638031,29.232395,61.432858,10.133698,44.546585,3.38215,36.743824,0.64,13.03649,3.401078,12.263211,2.83505,0.438322,3.996778,NaN,2.455034,46.410221,7.704323,7.786124,8.226155,9.412215,10.63562,4.773197,4.218496,2.483372,49.323467,21.126509,17.269186,9.764134,1.644515,7.122867,NaN,0.152356,NaN,2.325706,NaN,NaN,NaN,1.964036,0.886621,12.32905,3.410068,0.434477,5.928124,17.068504,2.822646,1.341046
2008-11-30,35.480709,34.833939,3.605066,49.102596,29.232395,63.938675,11.606741,48.501251,4.584846,37.697742,1.06,13.596708,5.007168,12.366014,2.889051,0.569366,6.416284,NaN,2.235747,55.996605,8.366561,9.160147,8.002432,8.400373,10.223878,5.071988,4.886704,2.652457,53.971386,20.527925,18.574617,11.043572,2.171398,7.577517,NaN,0.156833,NaN,2.497075,NaN,NaN,NaN,2.824317,1.03439,15.806475,4.510956,0.425958,5.835081,20.15864,3.106023,1.160416
2008-12-31,35.287148,35.267326,3.925515,40.507977,30.710819,59.600674,12.193153,52.555538,4.363186,36.037212,1.28,14.232637,4.744946,13.070968,2.790049,0.524178,7.067101,NaN,2.025998,51.73597,8.056095,8.867023,6.298688,9.647253,9.949432,4.347419,4.589724,2.402816,48.907238,20.563135,19.395142,11.447608,1.907957,7.298347,NaN,0.192857,NaN,2.050298,NaN,NaN,NaN,2.045195,1.049168,14.457654,4.654161,0.417439,5.33664,17.804659,2.878214,1.13305
2009-01-31,30.906507,38.476479,3.635878,37.942917,32.256439,54.696812,10.59569,45.798397,4.112362,34.058693,1.25,13.157617,3.802198,11.000173,2.763048,0.569366,6.209554,NaN,1.930654,47.5895,8.025069,8.234972,6.04915,9.752309,10.018044,4.130795,4.589724,2.465227,47.172928,20.809605,21.036343,10.370185,2.211313,6.740004,NaN,0.171077,NaN,1.946251,NaN,NaN,NaN,2.524029,1.115664,15.722179,4.3409,0.434477,5.197077,18.660652,2.617059,1.187786
2009-02-28,32.310204,35.601608,3.765291,28.415543,30.912424,49.069954,11.930289,52.105064,4.509017,36.531834,1.2,14.111509,4.838595,13.364695,3.240057,0.614554,6.707238,NaN,2.364456,55.692272,9.437599,10.515847,7.124746,10.067276,11.143363,4.616331,5.183686,2.746071,46.826073,21.830721,23.236904,11.757364,2.474755,9.571603,NaN,0.185074,NaN,2.466476,NaN,NaN,NaN,2.962286,1.470312,19.494654,4.851068,0.528188,5.27018,21.999025,2.989341,1.40673
2009-03-31,39.062656,35.033321,4.467821,36.566029,30.778023,56.64069,14.761191,61.332546,5.984798,42.997334,1.87,14.913992,6.243353,16.323771,3.501062,0.948944,8.743911,NaN,2.898367,68.778412,10.617261,12.641003,7.632427,9.936056,12.007929,5.124278,5.865393,2.820964,46.687328,21.161716,24.206642,14.646207,3.105418,11.198774,NaN,0.217737,NaN,2.729646,NaN,NaN,NaN,3.424889,1.884068,20.443045,6.220466,0.596341,7.35034,23.411417,3.506087,1.587361
2009-04-30,46.371819,35.48209,4.825245,45.749268,28.022783,72.599518,19.219368,73.295242,8.634145,54.762424,2.43,18.931013,9.089009,19.396046,3.441345,1.355634,13.628861,NaN,2.96511,92.744858,12.681746,15.828734,8.174526,9.975404,11.335505,6.640646,6.884584,3.145505,52.514565,20.175814,26.332672,17.339756,3.520539,14.357403,NaN,0.287724,NaN,2.986702,NaN,NaN,NaN,5.177914,2.290436,22.655949,7.330304,0.775243,8.201014,24.393126,3.967263,1.904834
2009-05-31,44.555496,34.971802,5.217592,43.897224,29.94754,72.077171,18.254303,73.523109,8.29115,56.490158,2.04,17.928558,8.115637,18.98888,3.956191,1.28021,12.265975,NaN,2.817327,93.676208,14.039949,16.856211,9.019583,10.85486,12.105723,6.543046,6.618867,3.750889,54.883884,19.697683,27.402571,19.640631,3.3334,13.784142,NaN,0.282453,NaN,3.424954,NaN,NaN,NaN,5.11597,2.739248,22.107996,8.08213,0.777898,9.025104,24.608992,4.91101,2.01978
2009-06-30,50.056175,36.217091,5.550491,51.553314,29.70435,83.252449,21.026327,89.549324,10.940583,62.883251,2.36,21.668495,9.999182,21.024723,4.172969,1.728284,16.921225,NaN,3.392884,113.466949,14.913566,19.493196,10.004807,11.85156,14.078871,7.007146,7.176753,3.960521,57.57151,20.458073,34.045593,21.773239,3.692639,15.196255,NaN,0.33512,NaN,3.539121,NaN,NaN,NaN,6.202181,4.827041,28.999617,8.305888,0.795379,10.978992,29.660313,5.391374,2.191865
2009-07-31,45.980648,35.667313,5.371242,54.963467,30.08651,72.804581,18.706028,79.675362,9.249175,58.404469,2.29,20.087694,8.368504,17.878416,3.721349,1.709995,15.849294,NaN,3.154013,104.774536,12.292788,21.48724,9.754238,11.487949,13.285398,6.512612,7.011455,3.707043,53.327915,20.421864,32.384842,21.498066,3.533906,13.013899,NaN,0.32641,NaN,3.355188,NaN,NaN,NaN,5.323262,5.611927,24.447351,8.216386,0.795379,10.327693,28.23558,5.165319,2.140755
2009-08-31,49.181049,36.148357,6.267512,60.169788,29.53063,74.562393,20.944193,86.739021,9.864276,65.808884,3.42,20.851065,8.773011,21.135763,4.118775,1.929459,15.581313,NaN,3.212513,110.431076,13.07279,23.499922,9.82583,11.595673,12.653431,6.664776,7.176753,3.922496,53.46936,20.059771,35.366638,23.286705,3.642512,13.623672,NaN,0.389519,NaN,3.704028,NaN,NaN,NaN,7.023057,6.106403,26.050528,8.878709,0.769158,11.297994,29.142229,5.334864,2.31679
2009-09-30,50.507038,36.162254,6.005032,58.362682,29.320314,74.428902,22.915424,90.916481,10.065292,69.830681,3.35,21.509926,9.518824,22.135181,4.151948,2.596997,15.611429,NaN,3.335895,109.880867,13.37495,25.549879,9.092024,11.986205,11.497077,7.405016,8.434367,4.315379,53.233395,20.324903,38.3694,24.559389,3.67593,15.340671,NaN,0.602489,NaN,3.989437,NaN,NaN,NaN,8.21062,6.53809,29.481577,9.845341,0.80412,12.33229,31.559954,5.426531,2.600707
2009-10-31,49.046703,36.474594,5.976614,60.705227,29.672726,75.697197,22.463629,87.270714,9.426632,64.702499,3.36,20.424742,9.5161,21.316107,4.902736,3.584588,15.804162,NaN,3.192361,108.623276,13.046014,26.705305,9.324696,13.171385,11.130751,7.405016,8.37823,4.372413,52.226265,21.057335,42.492691,26.072853,3.67593,14.468843,NaN,0.757535,NaN,4.154344,6.607934,NaN,NaN,9.046731,7.181695,30.625252,10.673244,0.917745,12.021278,33.502766,5.283578,2.481462
2009-11-30,50.507038,36.405178,6.333905,59.884785,29.74321,77.294167,24.220636,89.647881,9.445592,68.375893,3.22,20.851065,9.813493,23.048512,4.920828,3.90464,16.112537,NaN,3.429931,109.56646,12.842439,31.494738,9.199409,13.292567,10.877138,7.189037,8.588739,4.226665,52.406113,21.64327,44.287041,26.141647,3.600741,14.22743,NaN,0.838743,NaN,4.084577,6.714397,NaN,NaN,10.785846,8.052917,28.803835,12.485682,1.00515,11.96719,33.114201,5.169215,2.384925
2009-12-31,46.352695,36.803036,5.515373,55.999645,30.624228,73.520432,20.384314,77.314552,7.575391,61.72015,2.95,19.572094,8.326605,19.960312,4.504728,3.154803,12.766681,NaN,3.02408,103.985977,10.900417,27.059389,7.866035,12.985905,10.623523,6.787933,7.746706,3.789421,53.053555,21.203819,39.705627,22.977135,3.316691,11.330441,NaN,0.764932,NaN,3.615229,7.793244,NaN,NaN,10.735682,7.723266,25.754019,10.740373,1.22366,11.020633,29.919353,4.511629,2.129403
2010-01-31,47.687126,37.609196,5.677783,57.506813,30.624228,76.485497,21.752975,83.095802,8.427627,63.029488,2.98,20.851065,9.5161,22.332958,4.604231,3.566299,13.352587,NaN,3.014184,102.099602,12.325611,28.363903,8.331373,13.483269,10.863047,6.687656,8.588739,3.719722,55.103752,21.386927,40.736477,22.977135,3.467071,13.004256,NaN,0.848806,NaN,3.482038,7.949392,NaN,NaN,10.133678,8.194195,25.076281,10.359983,1.284843,11.831967,29.746658,4.883309,2.140755
2010-02-28,50.355988,38.906055,6.288434,52.985313,32.456749,72.913918,22.686083,90.033302,8.995759,67.93943,3.58,22.788895,9.839375,23.720041,4.984146,3.758331,14.30855,NaN,3.147817,101.863815,13.735191,29.034801,7.82129,13.220782,11.70842,7.003912,8.967653,4.030227,53.736958,22.009491,44.210682,23.080324,4.010106,13.583655,NaN,1.023271,NaN,3.754769,8.744331,NaN,NaN,10.852733,8.79071,28.337898,10.829875,1.547056,12.521602,32.121216,5.289299,2.350858
2010-03-31,48.870495,38.20504,6.171496,54.291893,32.351028,73.348465,20.67461,85.190598,8.321115,63.975105,3.7,21.605225,9.247226,21.59812,5.345972,3.090793,13.275495,NaN,3.113168,101.628021,12.043741,30.451132,8.787765,13.220782,11.215287,7.019339,9.71145,4.068244,55.57135,21.350306,45.966885,23.389896,4.787064,11.652329,NaN,1.160824,NaN,3.659628,9.099214,NaN,NaN,10.785846,8.084311,28.740307,10.583742,1.564537,12.778523,30.869175,5.163493,2.31679
2010-04-30,44.665768,39.072861,6.145515,47.752731,33.681004,71.017769,19.659595,79.754555,7.476824,62.520294,3.46,20.898144,8.33555,20.764505,5.568324,2.496409,10.962692,NaN,3.063677,95.434776,12.02805,27.991188,8.537197,12.958296,10.975763,6.579667,8.743111,3.992203,53.017582,21.230427,43.294426,21.601255,3.834663,11.84546,NaN,1.100434,NaN,3.659628,8.190714,NaN,NaN,9.230678,6.899137,26.537653,10.38236,1.477133,11.886056,30.212881,4.783673,2.285612
2010-05-31,47.100262,40.212631,7.08732,48.777946,33.753666,72.443871,19.51111,83.404472,7.681189,66.446609,4.24,20.937426,9.143002,22.848534,5.985495,2.210997,11.422345,NaN,3.142869,97.828636,11.495537,24.617397,9.593313,13.733082,12.770161,6.876991,9.53378,4.017548,57.360249,21.833776,49.06958,19.94285,4.105382,12.065998,NaN,1.026623,NaN,3.740636,8.304276,NaN,NaN,9.489531,7.297627,27.542671,11.411644,1.353594,12.470259,30.521183,5.059532,2.441176
2010-06-30,48.845676,41.242279,7.109307,53.54496,34.189678,74.521622,20.507864,88.607544,8.342319,70.478195,5.17,21.448095,9.572802,24.553652,5.513911,2.671622,12.519139,NaN,3.185125,101.89817,13.116484,28.239267,9.556907,14.648829,12.194928,6.900514,9.334271,4.312011,57.616974,21.946903,51.733471,20.922501,3.809027,13.435651,NaN,1.020489,NaN,3.884511,8.517206,NaN,NaN,11.692455,8.368164,27.542671,10.942536,1.415524,13.922565,30.345009,5.260936,2.521108
2010-07-31,51.007931,42.824364,6.874777,50.892895,34.334999,73.898293,20.189793,84.646988,7.500909,69.992905,6.0,21.840916,8.843499,26.334545,5.704357,2.349184,12.456466,NaN,3.134246,97.270058,13.116484,26.843336,9.757146,16.461807,12.338738,6.618219,9.576536,4.200779,58.057068,22.587965,53.239166,19.837889,3.486524,12.131219,NaN,0.91016,NaN,3.694864,8.573986,NaN,NaN,12.065258,7.322144,27.542671,9.741803,1.388982,14.278658,26.161011,5.035121,2.404278
2010-08-31,61.272003,44.550282,7.197256,53.565052,34.716434,79.832008,23.434555,104.061447,9.400131,79.810593,6.94,23.174747,10.458476,28.721704,6.529631,3.546808,13.866634,NaN,3.50059,123.800079,12.974236,31.993185,10.339662,16.679358,11.993599,7.080868,10.716597,4.449422,58.27713,23.488256,59.725159,22.461946,3.49524,12.864961,NaN,1.079094,NaN,3.779876,9.936738,NaN,NaN,14.335969,7.747089,33.898678,10.874571,1.450911,17.176279,26.997812,5.120564,2.502666
2010-09-30,61.903744,45.704803,6.823474,54.136326,36.262657,79.342239,23.650831,103.129532,9.195839,82.944641,7.3,23.29319,10.536627,28.759598,6.493821,4.025857,16.322613,NaN,3.79229,138.221817,12.954057,33.483425,10.030202,17.332033,10.737535,7.501832,11.625028,4.835475,58.96944,24.708427,56.833755,24.141346,3.782878,12.52938,NaN,1.067919,20.935255,4.080697,11.995065,NaN,NaN,15.967839,7.35483,35.893711,10.081634,1.627852,17.085686,29.922211,5.238567,2.853162
2010-10-31,60.225014,46.357731,7.041141,53.061005,36.778069,89.347466,23.474987,99.712601,9.267948,90.183449,7.89,22.62203,10.786036,27.789371,6.076035,3.933732,15.381985,NaN,3.750787,144.136322,11.857335,32.577965,9.520498,17.658369,9.82831,7.709549,12.189632,4.728291,57.84906,26.462423,55.743828,22.846811,3.75673,11.414198,NaN,1.085424,20.390301,4.02598,11.853112,NaN,NaN,18.292917,6.668381,38.538956,10.036322,2.052509,18.976196,29.376083,5.015915,2.667615
2010-11-30,62.900532,45.777359,6.80347,53.622074,36.078583,90.231667,22.72467,101.7024,8.946712,96.366592,8.8,22.345671,9.656992,27.943115,6.185023,3.132246,15.966916,NaN,3.859732,142.839981,11.428202,31.861134,10.121218,17.513325,10.16025,8.116996,13.347795,4.70131,57.662323,27.148769,52.201473,22.811821,3.782878,11.643794,NaN,1.01189,19.845348,3.859342,12.122824,NaN,NaN,17.737293,7.363004,37.377636,9.334006,1.99058,18.798517,27.966738,4.842736,2.62914
2010-12-31,67.464653,46.259987,6.550934,57.019714,36.373104,90.796486,23.174871,102.4114,9.044788,92.445564,11.98,22.503593,9.789809,26.290361,5.885309,3.37177,16.559742,NaN,4.456326,144.86554,11.698419,38.105087,11.723138,18.124334,9.842744,8.64428,12.450217,4.620369,57.214169,28.254549,45.428093,22.147058,3.75673,11.528996,NaN,0.88858,19.48205,3.866008,13.698504,NaN,NaN,17.950996,7.420208,33.226955,9.85508,2.025968,17.87458,26.689518,4.595347,2.597078
2011-01-31,63.5825,46.406265,6.476662,60.821033,37.440739,87.689934,21.159683,99.102715,8.579095,82.039795,10.04,22.62203,9.378056,25.521637,5.285879,3.076971,16.045954,NaN,4.119119,136.52037,10.267864,38.85965,11.832359,17.753695,9.42421,8.46852,12.797666,4.593389,54.562607,29.284063,44.727383,22.601898,4.270992,10.364618,NaN,0.963218,20.617365,3.985987,13.130692,NaN,NaN,16.72007,7.379346,34.366783,9.356662,2.300226,17.16386,26.11697,4.644821,2.635553
2011-02-28,66.520363,46.004013,6.929733,55.00132,38.287479,88.678391,23.110537,97.054497,8.419768,85.9608,11.32,22.740467,9.178751,26.316408,5.549265,2.662409,17.07353,NaN,4.046491,136.925476,12.572613,35.747108,11.759546,18.050209,10.809696,9.411242,14.187458,4.917151,53.516907,28.025764,44.922005,25.645807,4.018219,11.93899,NaN,1.034305,21.752686,4.305932,12.321558,NaN,NaN,17.950996,7.501929,33.91515,9.334006,2.255991,18.016727,25.720592,5.294233,2.776628
2011-03-31,64.107101,47.410587,7.159976,56.776707,40.017773,87.004501,22.789,96.275627,8.420809,89.429398,13.96,22.701616,9.147959,26.741486,6.330338,2.865084,18.33824,NaN,4.056865,143.569199,11.87326,41.689228,14.380868,18.124334,10.319005,8.915911,13.868963,4.950877,53.330177,28.864628,47.179855,25.365908,4.035651,10.987805,NaN,1.005876,23.750839,4.379253,15.472924,NaN,NaN,17.352625,7.371175,36.323826,10.806605,2.140979,17.341541,24.311243,5.090133,2.750978
2011-04-30,63.844837,49.265457,7.336751,55.260426,40.901329,89.36953,23.16851,96.11689,8.198266,90.40966,17.48,22.902159,9.161366,25.041164,6.779536,2.763746,17.508274,NaN,4.046491,143.043137,12.922291,42.217422,15.709732,19.606903,11.271526,9.011783,14.187458,4.950877,53.06876,28.025764,52.201473,27.614281,3.399361,11.463397,NaN,1.005876,24.931572,4.345925,14.301807,NaN,NaN,17.181667,8.35182,35.936729,11.282366,2.114031,17.057255,24.478634,5.009731,2.763803
2011-05-31,61.465042,51.157448,7.392282,51.988571,44.575516,89.897415,22.005743,89.926033,7.270863,88.013008,16.639999,22.140095,8.344339,24.654724,6.870535,2.824517,15.551466,NaN,4.062057,133.851608,13.402716,40.342571,14.362062,19.681026,11.148471,9.286478,13.331515,4.350566,54.993904,31.644217,54.945122,26.506853,3.468607,11.727313,NaN,1.008033,24.477446,3.939328,14.90511,NaN,NaN,15.668101,8.989239,34.970665,11.871407,1.915276,16.445415,23.763929,4.607715,2.430351
2011-06-30,64.327644,53.842033,7.977642,51.651203,48.813599,88.595604,21.676607,94.132637,7.097734,84.547943,20.200001,21.217596,8.853297,22.25881,6.324533,2.870973,13.533459,NaN,4.097923,132.046127,14.061592,38.738033,14.215508,20.638514,11.148471,9.009027,12.788271,4.369503,59.233028,35.168949,53.33147,27.971516,3.256994,12.726799,NaN,0.999031,26.021473,4.071769,16.644041,NaN,NaN,15.529751,9.718554,33.012131,12.389986,1.960447,16.954786,23.227901,4.626267,2.399435
2011-07-31,59.034554,53.954208,7.659876,45.376133,45.71072,82.954414,19.943338,87.068726,6.13942,80.004829,19.48,20.936831,7.969305,22.297455,5.86953,2.081223,12.604535,NaN,4.097923,119.653992,13.290259,35.337955,15.113139,20.562773,9.664943,8.192989,11.672417,4.021614,60.340542,36.97047,52.347481,25.792377,2.502549,10.577904,NaN,0.819057,24.840746,3.515592,17.176367,NaN,NaN,14.094373,8.989239,27.136541,12.757097,1.662315,15.535824,17.474525,3.957606,2.15214
2011-08-31,46.233856,52.757706,7.367195,41.560425,45.756134,67.083374,15.555386,71.790024,4.674119,61.98642,11.62,19.030699,6.978156,18.085283,6.442833,1.625956,8.920872,NaN,4.092597,95.528107,9.095844,31.364819,14.874992,18.707203,8.7102,7.891058,9.543486,3.33279,58.889313,36.063931,49.552971,22.184305,1.748104,7.071369,NaN,0.819057,20.342337,2.622962,13.230061,NaN,NaN,14.68236,7.18291,19.330441,11.013321,1.264804,12.152144,16.795561,3.200202,1.637498
2011-09-30,53.221046,52.38435,7.470708,47.702358,45.373878,73.912231,19.125267,86.036911,5.680551,70.5186,16.139999,20.488371,8.344339,22.181522,6.630337,1.886108,11.582616,NaN,4.047631,111.68544,11.903727,34.975018,14.765079,20.335562,10.286388,8.516644,11.386961,4.042487,58.153748,33.10463,54.118931,25.863827,1.978118,9.611731,NaN,0.919694,21.984318,3.391997,16.963434,NaN,NaN,15.826681,8.54826,25.671869,11.472209,1.671349,14.083229,18.537655,3.711961,1.884793
2011-10-31,46.554798,51.405201,7.52153,39.20602,44.03598,68.288483,16.57081,73.972694,4.33031,72.115112,14.36,20.285917,6.968779,17.990953,7.176793,1.672411,11.339965,NaN,4.292444,101.857803,10.474644,27.735516,14.72844,20.865725,11.33421,7.935587,10.461676,3.659808,57.8811,33.696499,56.622208,23.327457,1.711302,9.495126,NaN,0.919694,21.482601,2.959414,15.437434,NaN,NaN,15.756574,9.413259,22.369951,12.573541,1.680383,12.80839,17.206514,3.3162,1.610763
2011-11-30,50.282448,49.748169,7.623174,40.807304,43.921307,68.098114,17.148331,77.266563,4.46882,73.010704,14.24,20.366899,8.382904,17.438602,7.058394,1.5795,11.323789,NaN,4.444778,103.356918,10.53956,29.817591,14.966587,22.158632,11.053808,8.026896,10.133348,3.771132,59.127533,35.906101,57.73476,24.077652,1.573294,10.480196,NaN,0.885205,22.121149,3.165406,15.579387,NaN,NaN,15.283349,8.938356,22.391823,8.333413,1.707486,13.798265,17.152914,3.705137,1.911528
2011-12-31,56.812702,48.192848,7.792575,44.991783,42.77454,73.973091,18.703259,87.373184,6.067885,67.169853,16.92,20.933771,9.792688,21.028902,6.548369,2.127679,12.019391,NaN,5.124817,112.101898,11.741277,36.235725,13.079734,21.887459,11.171873,9.413132,11.894372,4.320799,61.776184,34.840763,55.112316,24.363438,1.720503,11.504704,NaN,0.847109,23.626297,3.72845,18.631388,NaN,NaN,16.597858,9.379339,26.852692,9.521935,1.644246,15.37307,20.413752,4.24419,2.22566
2012-01-31,61.710297,51.987568,8.385461,48.415459,44.418236,80.254532,21.635338,97.135559,7.624119,68.688461,19.16,22.350952,10.49,23.159409,7.031072,3.205456,11.809093,NaN,4.83648,120.430397,13.202901,38.585224,12.823269,22.546021,11.260422,9.745165,13.282297,4.536491,64.541702,35.985023,55.986443,25.613762,2.024121,12.46203,NaN,0.839309,26.819042,3.906976,20.689713,NaN,NaN,17.474197,11.838659,29.673532,10.095544,2.394094,16.31045,21.619814,4.373836,2.259079
2012-02-29,54.581501,50.849152,8.427883,47.274235,43.577274,76.263969,19.036411,78.505699,6.660398,67.79287,21.450001,22.512915,9.398553,22.449238,7.905402,2.824517,10.579654,NaN,4.602544,108.687172,11.984909,41.374054,12.053873,22.391064,10.611066,9.114301,11.909297,4.174685,66.567154,37.287102,62.38377,23.398905,1.637698,11.269573,NaN,0.811975,25.952436,3.440062,21.992159,NaN,NaN,18.490751,12.652777,25.671869,10.439711,2.574781,16.085478,18.001623,4.005369,2.091987
2012-03-31,56.159649,51.14381,8.402462,49.684219,44.341782,80.178001,19.636206,76.770889,6.978527,71.375259,24.25,22.350952,10.232524,22.646509,8.67044,2.68515,10.336999,NaN,4.548142,103.356918,13.657621,46.569687,12.640079,25.025309,10.448726,9.761768,12.342091,4.202516,66.956642,36.340126,65.284454,24.613506,1.472088,12.546006,NaN,0.819784,25.177061,3.556791,22.100849,NaN,NaN,20.068163,12.381405,28.383381,11.013321,2.330854,18.035234,18.760996,4.094075,2.172191
2012-04-30,48.704372,48.642433,7.716341,43.043259,41.474857,75.439537,17.370428,72.095741,6.033142,66.943649,18.84,20.285917,8.186021,19.771759,8.096662,2.61082,9.67375,NaN,3.759286,92.799362,13.170361,40.762802,9.764003,23.088366,10.360179,8.151406,10.476601,3.743301,61.152977,33.65704,59.006298,19.540764,1.242074,12.294077,NaN,0.929094,23.07897,3.240936,19.202375,NaN,NaN,21.470304,11.702971,24.993992,9.751378,2.132099,16.010489,16.277403,3.439022,1.998415
2012-05-31,53.570057,50.605042,7.649426,48.667313,45.765438,80.573204,18.947557,74.761406,6.502232,71.742485,19.16,21.817772,8.873279,20.930101,8.664486,2.536034,9.711618,NaN,3.912871,93.138046,14.599524,43.901291,9.040881,24.521704,11.73268,8.425217,11.714252,3.680681,67.439613,37.870792,60.163208,19.957775,1.784907,13.2682,NaN,1.089145,24.371107,2.945682,17.753141,NaN,NaN,19.718357,11.363753,26.983891,9.338377,2.462638,18.146818,18.06139,3.611087,1.964997
2012-06-30,57.817169,51.999439,8.574548,46.608444,48.049782,82.017471,20.702793,79.518555,7.166166,74.421822,18.700001,22.353933,10.140891,22.048506,8.591525,2.423321,9.329793,NaN,4.003863,88.227142,15.079964,45.027962,10.597097,26.907009,12.271383,8.230463,11.957665,3.813205,72.373245,38.19482,59.079525,21.470287,1.784907,13.364343,NaN,1.170184,25.060856,3.193782,17.010172,NaN,NaN,20.027838,12.054941,26.61215,10.802583,2.829215,18.339054,19.40966,3.583255,2.120399
2012-07-31,59.742584,50.175579,8.727383,47.637878,49.507023,83.917801,21.84787,82.512291,6.956876,73.302109,22.049999,22.931337,9.69799,21.169762,8.755692,2.338787,7.877201,NaN,4.151733,87.211098,14.405739,46.038082,11.375207,27.38184,12.436399,7.917163,11.166574,3.711326,65.887894,37.992298,62.611526,20.843147,2.024121,12.719052,NaN,1.206007,24.509058,3.014356,20.308439,NaN,NaN,23.299494,11.245412,24.689041,10.919495,3.769153,18.877308,18.776247,3.527593,2.013309
2012-08-31,64.386078,51.14571,9.386256,52.31633,52.383614,91.276917,25.557936,93.174927,8.674431,75.981453,26.0,24.468044,11.072508,21.30217,9.020188,2.761459,7.727792,NaN,4.117611,100.936569,16.35318,51.321774,11.782788,29.083315,12.736433,8.603035,12.094584,3.915086,68.394493,38.354439,58.83876,22.208099,2.042522,14.502099,NaN,1.138339,26.701151,3.287084,21.457273,NaN,NaN,24.758474,11.702971,25.835321,10.849347,4.041735,18.954201,20.269295,3.659791,2.106121
2012-09-30,65.281944,51.724972,9.948739,54.790504,52.423397,91.353691,24.883377,88.499779,8.645604,74.341835,26.65,25.217064,10.599064,21.663906,9.676835,3.127775,8.336249,NaN,4.789845,110.151779,16.8342,53.225456,11.727209,30.507801,12.495504,9.107372,12.37691,4.249833,69.773941,37.088203,57.256947,24.347748,2.079324,15.028522,NaN,1.239302,28.364195,3.681821,21.605513,NaN,NaN,24.671337,13.286832,27.211008,10.98964,4.286119,18.757158,20.721737,3.854609,2.277466
2012-10-31,67.448502,53.172642,10.141844,56.995499,54.253036,91.736107,25.578432,93.010895,8.8621,76.807793,29.549999,25.75803,10.690697,22.829491,10.334127,3.437735,8.260314,NaN,4.784026,106.620728,19.031757,49.184986,11.189944,33.277637,13.082641,8.935212,12.745911,4.322603,71.925194,38.681202,56.770359,23.425488,1.987319,17.641027,NaN,1.495992,27.856041,3.753592,24.49613,NaN,NaN,25.918264,13.128447,25.992271,10.147881,4.72789,18.717834,20.676491,3.952018,2.334581
2012-11-30,67.847694,50.746811,10.214309,58.841061,52.662037,91.968567,25.346687,97.355232,8.885528,77.495018,30.35,25.383518,10.927072,24.758743,9.749867,3.447127,9.75375,NaN,5.109946,113.596703,19.156122,48.369122,11.504892,31.158907,14.88922,9.451697,12.899662,4.526362,73.264656,38.803734,56.729847,25.04867,2.051723,17.981916,NaN,1.483954,27.948435,3.947372,25.163193,NaN,NaN,24.136942,15.398648,28.762119,10.288175,4.765488,18.953772,22.893446,4.063342,2.470229
2012-12-31,72.522835,52.013302,10.62481,63.907326,53.457531,98.399353,25.85647,106.655098,10.541449,80.486481,34.950001,26.631886,11.366035,23.512772,9.402962,3.804051,10.53,NaN,5.476601,126.687477,19.943945,52.720402,11.541945,32.447132,16.146297,9.520563,12.31541,4.868387,69.205681,40.192505,63.096226,24.605982,2.67736,20.112471,NaN,1.553668,28.502785,4.191391,28.980289,NaN,NaN,26.71986,16.577744,30.822889,10.592144,6.203594,21.037903,23.526861,4.578218,2.727247
2013-01-31,68.759888,52.644234,10.479961,62.134125,55.008766,97.159706,24.999203,100.538979,10.556212,80.931137,32.549999,26.631886,11.052491,24.155855,9.932451,4.01069,10.057501,NaN,5.133225,120.142105,19.52931,52.098793,10.356256,33.373043,15.769929,9.176238,11.715782,4.657351,69.368042,41.540421,63.826145,21.691631,2.870571,19.302858,NaN,1.799833,31.043549,3.997611,27.386745,NaN,NaN,29.347315,19.358299,28.762119,10.124499,6.729959,20.566023,21.083683,4.272076,2.613017
2013-02-28,65.338997,53.630089,10.93872,59.347683,58.270313,96.462379,24.605337,87.636475,9.713449,80.001366,32.400002,25.674805,10.315658,23.31181,10.863616,3.541054,8.505,NaN,5.319462,113.85508,17.746391,47.941761,9.633726,34.057411,17.501234,8.76305,11.469782,4.613687,66.729698,43.501038,61.595875,20.806261,3.045382,18.49325,NaN,2.187244,31.413115,3.904309,30.392071,NaN,NaN,33.221695,19.226309,26.679195,10.428467,8.421848,20.36941,18.188074,4.042469,2.570181
2013-03-31,66.59333,54.731441,11.276841,62.18597,60.298832,102.151321,26.041746,94.789703,10.101829,79.758827,34.75,26.631886,10.087356,24.276436,11.228782,3.66316,7.922812,NaN,4.941164,112.477112,19.653673,51.710281,10.319202,35.385891,19.119623,8.4962,11.131532,4.730121,68.962151,45.992641,65.042656,20.252901,3.441005,20.027254,NaN,2.158996,31.828878,3.918664,30.731852,NaN,NaN,33.711552,19.798264,27.233162,10.218028,9.681365,20.998581,19.183441,4.292949,2.591599
2013-04-30,62.602318,52.450966,10.62481,63.363449,54.372364,98.373756,25.346687,87.186241,9.251264,81.890419,40.599998,25.549969,9.154513,22.366709,10.480193,3.616196,7.754062,NaN,4.667624,113.904434,19.19758,59.791229,9.87457,32.326359,15.393557,7.781727,10.547279,4.584579,66.932648,44.113728,69.827576,18.777281,3.717022,20.325529,NaN,2.195316,31.921265,3.92584,31.109402,NaN,NaN,39.233658,23.273956,25.615572,12.649777,10.452114,20.36941,18.14283,4.139877,2.627296
2013-05-31,61.948071,50.611153,10.07237,60.311581,54.479282,91.025154,23.599815,84.567284,8.012828,77.907913,38.0,24.204414,8.632753,22.161888,9.984876,3.188165,7.232728,NaN,4.131021,101.974098,16.87565,60.120674,9.640137,30.716085,13.910658,7.200502,10.35447,3.995133,65.755554,43.184414,69.315033,14.608649,3.663756,18.067137,NaN,2.029863,30.563602,3.509572,27.598261,NaN,NaN,39.469826,19.996744,23.422155,12.977127,8.908752,19.245701,16.649778,3.478889,2.277466
2013-06-30,64.185806,51.861309,10.745342,64.691124,56.718708,94.199562,25.219151,87.439713,8.46046,75.916656,40.849998,24.415993,8.664374,20.60523,9.600842,3.074302,7.31966,NaN,4.481982,104.934914,18.730284,69.528114,10.650948,31.158054,13.925362,7.916187,11.015395,4.408742,68.166145,44.729698,69.889244,17.28104,3.852608,18.368036,NaN,2.306827,34.192169,3.841372,32.186352,NaN,NaN,32.531063,19.682898,22.524754,14.68642,7.385889,19.649174,16.950729,3.685077,2.437152
2013-07-31,65.186867,50.006241,9.685947,60.86832,54.438564,95.628014,23.708059,84.9897,8.117287,73.759468,47.200001,24.754515,8.237482,19.867861,10.515207,3.871343,7.797785,NaN,4.342163,103.628677,19.358784,71.860214,11.006604,29.187586,13.724884,7.366332,12.116934,4.324985,68.868462,43.769112,69.684166,18.592546,3.824281,18.281801,NaN,2.265921,31.68008,3.833841,34.219582,NaN,NaN,31.900267,22.597221,24.386858,15.514157,7.995034,19.729868,17.351717,3.736157,2.444651
2013-08-31,69.544418,50.933773,10.085941,63.19157,57.056938,101.271576,24.958588,89.129379,8.699176,77.078232,54.400002,25.981663,9.028026,21.629345,10.77123,3.785946,8.745343,NaN,4.715014,109.861778,19.301094,80.398064,11.324822,31.240152,14.218366,7.471066,12.415922,4.545802,71.595108,45.328453,74.400894,18.20681,3.909265,19.014797,NaN,2.147306,34.047787,4.074868,36.78989,NaN,NaN,31.765091,22.552383,25.867573,16.436493,7.69998,20.092997,18.317724,4.159393,2.654621
2013-09-30,71.885643,50.762802,9.898025,64.01564,53.110634,103.27301,24.207966,85.834541,8.012828,75.112549,57.849998,25.643847,8.601132,21.071518,10.910208,3.710038,9.700027,NaN,4.984605,110.480461,20.272554,83.639282,11.455851,32.102238,15.719286,7.898489,12.725664,4.583874,68.337067,45.497116,78.64109,18.20681,4.560809,19.359737,NaN,2.24757,36.756657,4.089932,42.275761,NaN,NaN,31.069714,23.942295,27.577925,16.129045,7.147941,20.859859,18.77339,4.137502,2.722111
2013-10-31,72.716003,51.698326,9.985383,65.470833,51.795204,102.143929,23.891911,84.102638,7.848683,78.635406,60.700001,25.729179,8.69375,21.483879,10.50748,3.795435,9.823038,NaN,5.244466,120.291115,20.357004,88.61969,11.549446,31.199106,14.526791,8.156436,12.69369,4.781849,70.10006,43.135822,80.918694,20.289791,4.759106,18.470423,NaN,2.510545,36.709949,4.195381,44.999523,NaN,NaN,31.750074,26.27375,32.659863,16.76759,6.976619,21.601912,22.783237,4.225069,2.812098
2013-11-30,72.59742,49.867939,9.712312,63.618591,50.685303,101.497986,23.312407,85.101089,7.524452,76.244896,69.550003,25.046484,8.677379,20.205566,10.251202,3.55822,10.420501,NaN,4.984605,114.280991,18.414167,97.750443,10.856853,31.515636,14.232536,7.560493,11.526637,4.45443,67.497559,41.280521,75.866425,18.862564,5.778913,16.627705,NaN,2.526973,36.336315,3.946822,48.605618,NaN,NaN,34.154015,26.09441,31.372433,17.406126,7.176495,20.488836,22.099741,3.991558,2.677118
2013-12-31,68.149048,48.072395,8.729048,61.199329,47.931118,98.106628,22.021627,82.029312,7.455273,70.289581,76.300003,23.425076,8.448165,17.772652,9.592195,3.01737,8.522669,NaN,4.866487,107.74054,17.696236,107.414803,9.565263,29.420183,14.263511,6.679917,9.752079,4.104167,62.166588,38.497562,69.447601,15.468073,6.071636,15.814488,NaN,2.713648,33.393921,3.622941,45.920223,NaN,NaN,30.434717,23.987129,28.413624,16.909487,6.043865,19.458214,19.320189,3.685077,2.467148
2014-01-31,72.12291,49.672066,9.133269,62.182163,53.316181,101.578728,22.917273,85.923111,7.716596,73.09948,77.849998,24.022436,9.004826,17.772652,10.800373,2.770667,9.823038,NaN,5.425581,106.414772,17.611786,123.028008,9.677574,30.216455,14.511302,7.275862,10.167742,4.05848,61.914738,42.671993,69.778954,16.278122,6.609868,15.191595,NaN,2.973466,35.448933,3.502428,49.794865,NaN,NaN,31.88615,24.300982,28.481382,18.825106,7.024209,19.416986,20.687183,3.633997,2.444651
2014-02-28,76.27478,47.99036,9.242533,59.384911,55.289326,99.72155,23.839224,82.202377,6.36842,75.867447,67.449997,24.491793,9.332273,18.391191,10.59901,2.894019,12.08989,NaN,5.464955,103.940018,16.97822,106.624275,9.546544,31.976645,15.641853,7.516017,9.32043,4.134624,59.606041,41.744343,66.548813,17.28104,6.487113,14.724428,NaN,2.726026,34.374718,3.592813,45.137173,NaN,NaN,36.421875,22.104025,29.046041,18.375763,7.186013,18.22146,20.003685,3.699671,2.579632
2014-03-31,78.291344,51.694817,9.766945,60.570927,55.083782,103.818459,24.339737,85.365524,6.618332,75.07061,60.849998,24.961145,9.601706,19.009729,11.129874,2.55243,11.949309,NaN,5.394083,123.472969,16.065996,95.497391,11.137634,32.311916,15.099809,7.987437,10.247677,4.073709,61.872749,42.671993,67.625504,16.200975,6.090521,13.807396,NaN,2.503326,35.12199,3.479831,44.085655,NaN,NaN,39.279377,23.942295,25.906538,18.848757,8.623215,18.716162,18.208364,3.517242,2.557135
2014-04-30,82.146629,53.195625,10.236725,62.958355,55.494869,105.215851,26.605064,92.6651,7.362894,79.415642,61.950001,25.046484,9.949353,20.812891,9.903393,2.75169,11.896593,NaN,5.535826,129.077194,17.062672,108.007721,11.068995,34.616913,15.758004,8.227593,10.631366,4.332599,63.677719,44.611629,68.122429,16.393845,5.769471,13.582464,NaN,2.606427,36.289612,3.79618,44.007767,NaN,NaN,41.501881,24.256142,27.081028,17.997368,8.851646,19.252087,19.411318,3.787237,2.767105
2014-05-31,84.069031,53.481537,10.190802,61.106926,57.259022,105.890724,26.281118,92.927353,7.296711,82.216522,62.0,26.077742,10.561875,20.22065,10.215322,2.590384,12.148678,NaN,5.977681,129.256073,15.880164,117.060715,11.4316,34.95219,17.035683,8.895024,11.126964,4.462044,64.480957,46.254581,68.439018,17.28104,5.917396,12.267473,NaN,2.589928,36.657673,3.69073,45.604507,NaN,NaN,46.637283,23.718115,27.103613,16.956783,10.618069,18.510036,18.49999,3.903992,2.602129
2014-06-30,92.139671,54.280396,10.374479,64.916382,58.611256,110.240105,29.258608,103.068047,8.132275,86.137756,65.949997,26.689276,11.091625,20.347557,9.756825,3.029001,13.848419,NaN,6.228436,155.196747,20.411057,127.162392,12.977443,37.60535,17.385128,9.249373,11.362741,4.553416,73.655777,47.42284,69.822861,17.743923,5.764442,16.131065,NaN,2.785202,39.386993,4.283769,45.608971,NaN,NaN,42.893364,22.457865,30.611898,18.073376,9.939907,20.56687,21.663002,4.349121,2.987992
2014-07-31,86.3927,55.163345,10.753764,65.033005,59.667706,109.487328,30.382776,102.805786,8.107456,89.886627,58.400002,26.864004,11.339945,21.658937,8.81232,2.865011,13.490579,5.758235,6.357859,159.311523,18.695822,125.280724,13.187372,39.359409,18.743961,9.994409,12.754432,4.688223,82.659103,48.41803,69.319633,18.144661,6.194624,15.723358,NaN,2.981462,39.810505,4.131063,39.952343,NaN,NaN,46.729729,22.091953,29.04678,17.234425,10.230548,21.912758,20.642473,4.391677,2.891605
2014-08-31,78.199562,52.430412,10.301129,62.42429,58.546539,105.181366,29.761568,96.249298,7.478715,86.180847,45.099998,26.558233,9.932798,18.697758,8.876511,3.135113,11.594026,5.767274,5.500437,150.969345,17.287436,114.386742,11.068995,38.289867,16.74567,9.040397,10.904302,4.427766,76.956985,47.595913,64.035713,17.576372,6.146827,14.181156,NaN,3.227837,37.929504,3.889951,32.040993,NaN,NaN,48.070152,22.869516,26.8372,15.340796,11.160598,20.819221,19.993048,4.197699,2.795218
2014-09-30,84.665062,56.59132,11.183429,61.874985,63.834068,110.832664,31.252254,101.057396,8.057819,88.566734,52.950001,27.824648,10.61154,19.976589,9.71386,3.347336,12.16184,4.583085,5.514991,155.306,19.46789,122.408669,11.126248,38.974377,18.084988,8.993631,10.139367,4.704502,84.017075,49.429886,69.31852,17.738741,6.825558,16.428827,NaN,3.275088,40.858059,4.123027,38.211849,NaN,NaN,43.160469,24.470385,29.443464,16.419447,12.129399,22.159044,21.523838,4.508064,2.979959
2014-10-31,87.556641,57.184776,11.356483,61.066555,63.151802,109.917206,31.043362,99.134171,7.660719,92.833969,52.950001,27.428411,10.846807,19.848806,9.346607,3.250871,12.108106,4.149183,5.211338,152.595566,20.160034,122.804817,11.25984,42.268585,18.12509,7.78954,9.4401,4.785894,83.189964,50.128548,71.268776,17.901108,6.596128,17.462311,NaN,3.216382,42.322334,4.227509,36.748249,NaN,NaN,42.417126,23.601343,30.233583,15.077127,13.272585,23.533247,25.002905,4.989131,3.212894
2014-11-30,80.173409,57.015232,10.973374,58.649254,64.175194,109.917206,32.416405,105.620064,7.618774,87.957138,43.650002,28.000753,10.67626,18.528391,9.383333,2.382686,11.839435,4.013588,5.12927,155.125275,19.943764,111.415649,9.923925,42.318737,16.0399,7.965523,8.690884,5.184719,78.793228,50.128548,68.724976,18.631767,6.53877,18.219604,NaN,2.947995,40.763588,4.548993,30.18182,NaN,NaN,38.793312,23.418386,36.763664,15.340796,12.962568,22.287878,28.250036,5.617622,3.510087
2014-12-31,91.372139,59.150948,10.998072,57.420807,69.334793,115.532188,33.073162,113.030426,7.909175,90.656799,40.900002,30.334154,11.085573,19.465462,8.557011,3.077234,11.928992,3.97743,5.030788,161.359238,19.424637,130.727707,11.183501,45.761776,17.563692,7.771015,8.474447,5.070769,89.240944,55.761463,78.221817,17.251637,6.261542,17.711775,NaN,3.273041,42.747448,4.484696,30.102705,NaN,NaN,46.180305,25.796818,38.390373,16.946785,11.489989,23.404419,28.3892,5.058964,3.48599
2015-01-31,94.44812,59.621075,10.812713,55.32053,68.055565,120.296379,31.640333,108.566353,7.815221,92.311455,39.400002,31.698973,10.812696,18.74136,7.850048,3.347336,12.197662,3.887034,5.334441,161.720627,20.4629,134.590118,12.462162,43.146816,16.480997,8.336013,9.273607,5.249834,91.7658,57.770092,75.423691,16.480387,6.06079,18.353247,NaN,3.104552,43.125328,4.548993,28.006199,NaN,NaN,47.713451,28.083769,40.086796,16.778996,12.420039,23.490309,30.84774,5.190869,3.582377
2015-02-28,97.709198,57.911514,11.084643,52.823967,67.629143,119.530739,32.505993,106.780731,7.678563,92.050186,35.299999,32.491444,10.881241,18.570988,7.556245,3.848954,11.893169,3.98647,5.063616,171.658737,21.674261,145.781189,11.25984,41.665005,15.606821,7.946998,9.123766,5.241693,88.1091,58.206753,78.942612,16.074465,6.271101,19.511459,NaN,3.306744,46.101116,4.597215,26.071114,NaN,NaN,44.461315,32.017326,43.316982,19.751276,13.660106,23.747969,31.497168,5.159833,3.598441
2015-03-31,109.700821,58.962502,11.430573,62.372395,66.904228,130.851791,37.192303,116.19162,8.918668,91.3535,37.5,33.636124,11.79375,22.319258,7.813323,4.225168,13.917156,4.899471,5.95816,267.968292,28.077021,159.349136,13.893497,41.970085,18.806782,9.225187,10.938529,6.145154,96.380203,57.464432,81.231987,16.358608,7.705042,25.168894,NaN,3.740625,48.935196,5.416998,25.78685,NaN,NaN,44.879452,33.435234,51.775879,18.816446,16.818399,25.895163,35.022621,6.18404,4.281181
2015-04-30,110.220039,58.832352,11.554235,60.102837,63.365002,134.570648,37.341587,118.261642,8.953303,93.230301,37.099998,32.711578,11.432188,20.871061,8.033675,3.877893,13.397727,5.369531,5.605266,269.594513,24.313171,154.199265,12.481247,39.22438,17.282993,8.511995,10.089419,6.340496,88.892677,55.892456,75.550865,15.473702,7.628565,22.362453,NaN,3.871203,48.226673,5.425036,24.324923,NaN,NaN,40.280006,35.036102,53.030773,21.213446,16.489008,27.398201,34.558746,5.726251,4.136601
2015-05-31,103.752594,57.183647,11.051263,57.457737,61.876152,131.948074,34.837257,113.041565,8.780125,87.107307,30.9,32.45887,11.156716,20.087322,7.613936,3.993651,12.448423,4.772917,5.490371,248.993484,23.66428,153.551605,11.853742,39.57304,17.363192,8.011834,9.157063,5.762607,86.411339,53.781258,79.075394,14.353362,7.414767,22.407,58.838039,3.791171,48.262203,4.950847,21.198009,NaN,NaN,41.346169,34.487232,48.661896,18.528805,16.553928,27.741749,31.311615,6.556141,4.048247
2015-06-30,104.845673,57.608978,10.931729,57.089146,63.932865,138.393036,34.117985,107.19149,8.11339,88.805656,35.700001,31.06521,10.364726,19.215853,7.456087,3.165048,12.598039,4.492689,4.930139,191.295425,21.426073,143.625839,10.629502,40.526817,16.50646,7.300414,8.211513,5.42297,89.551758,60.258232,74.396141,12.560382,6.872695,19.708998,59.112553,3.815513,48.024456,4.513402,28.818537,NaN,NaN,41.534966,37.944813,41.457882,17.100096,14.653655,27.32486,26.852764,5.533772,3.563431
2015-07-31,94.096962,56.427929,10.102499,50.208961,58.375374,121.322548,43.28241,88.381226,6.823214,76.023369,24.85,31.469816,9.91708,15.250678,5.803306,2.912621,12.888483,3.679123,4.326449,165.81366,19.892536,130.821609,9.891073,37.505089,15.711764,6.11374,8.211513,4.669065,82.978752,57.086746,65.295166,11.437096,6.872695,17.905735,49.687485,3.904636,40.749466,3.980922,22.601128,NaN,NaN,41.204571,36.45496,35.391918,28.199303,13.654542,22.909166,25.206799,4.738597,2.975129
2015-08-31,91.273125,57.871429,10.033427,47.758495,64.599709,122.108795,30.719515,90.451256,6.494175,77.27478,19.700001,30.432837,10.10647,15.128675,5.905444,3.582524,12.79772,3.471212,3.949142,163.72757,20.50593,128.340179,9.531575,37.771706,14.635616,5.097948,6.775993,4.412053,80.993614,62.445412,64.69416,10.075538,6.572619,16.455883,51.563351,4.040449,38.231606,3.76962,19.576441,NaN,NaN,45.546864,37.153332,35.764954,13.270261,15.065056,19.892498,25.206799,4.357237,2.798638
2015-09-30,97.672447,59.569252,10.993195,50.533695,68.355507,125.091309,33.450157,93.511307,7.195547,81.511398,26.65,31.882027,10.347508,16.735136,6.041111,4.048543,13.253066,3.877994,4.754162,188.731232,22.548313,145.511749,9.298385,41.282253,14.666533,5.823025,7.627832,4.823273,83.263626,65.060448,73.053177,11.164783,7.008213,18.441227,50.160202,4.126917,43.529613,4.183771,23.651365,NaN,NaN,46.876331,35.616913,40.958389,14.694861,17.788126,22.25569,26.382486,4.657456,3.084385
2015-10-31,93.270309,57.186489,10.630001,51.841316,61.197399,124.207314,32.170094,85.771194,6.684671,76.620728,22.799999,32.606613,10.19986,17.034296,5.695104,3.951456,12.430463,3.615845,4.068877,187.064301,22.995703,153.154572,9.327535,41.904377,12.152745,5.294533,7.531277,4.56626,79.046616,61.228065,67.788513,10.29679,7.056612,18.987633,46.524738,4.669927,44.197834,3.964018,22.012997,NaN,NaN,53.850842,37.898254,39.832386,12.04081,17.278774,21.227818,25.159771,4.381579,2.891086
2015-11-30,95.929939,58.11311,10.616057,51.925201,63.009026,130.395569,32.00169,86.335205,6.88364,78.975479,24.450001,34.780392,10.075687,15.520918,5.395853,4.009708,12.540143,3.914153,4.008915,183.823105,24.337864,151.367935,9.181791,42.096127,12.552287,4.881348,7.083612,4.549126,78.50827,64.744827,63.698559,10.364867,7.666443,20.58132,46.386688,4.510222,44.484207,3.955566,22.30706,NaN,NaN,47.967579,41.483227,40.348469,12.333536,17.45509,21.183126,23.560833,4.430264,2.907894
2015-12-31,88.363754,57.934017,9.512526,45.717674,62.478786,113.598846,28.296175,77.295837,5.661479,67.92617,24.1,31.791445,8.76301,12.546955,4.750595,3.203883,9.999209,3.995509,3.709103,157.708176,20.042944,143.824341,8.307335,40.236275,10.887527,4.564252,6.916837,4.052235,76.893234,65.646584,60.217747,9.888322,6.330624,17.24824,38.333443,3.40618,40.904472,3.406182,22.517109,NaN,NaN,46.971222,38.736305,32.794865,10.479602,16.201303,18.322958,17.66357,3.821711,2.554913
2016-01-31,86.162689,60.336819,9.554451,41.649216,61.418324,116.162537,28.296175,80.109093,5.859182,68.650719,26.1,32.561333,9.578998,12.001436,4.816056,2.796116,9.670167,4.085906,3.709103,156.411713,20.669287,140.846619,8.608537,39.782658,10.471338,4.794867,6.987059,3.898027,73.752907,71.552963,53.560753,9.292641,5.991829,16.90218,36.630756,3.656823,37.897495,3.245592,22.769167,NaN,NaN,51.193886,37.060211,30.871273,10.908935,17.631405,18.054819,15.914142,3.602632,2.445657
2016-02-29,92.353203,62.428135,10.127179,40.600655,61.418324,121.201546,32.102749,87.488182,6.641005,75.624458,29.1,34.780392,10.891676,13.074878,5.377149,3.728155,10.785254,5.080263,4.360123,172.988205,21.966711,157.224136,9.949369,41.733231,12.069508,4.95822,8.040384,4.240711,77.566154,68.396881,58.564404,10.381886,6.795257,18.12249,45.972515,3.740374,41.954533,3.668196,27.607325,NaN,NaN,56.270576,39.295002,34.812286,12.04081,21.353588,20.691534,18.002169,4.138158,2.706191
2016-03-31,85.291428,64.836517,10.113142,44.889168,61.418324,126.857132,32.675396,91.467545,7.082173,76.394302,26.200001,34.780392,10.957967,13.620397,5.592236,3.757281,10.383093,5.676877,4.73703,181.785767,22.145664,157.720428,8.900023,42.776562,10.93747,5.486712,8.479269,4.274979,79.809258,66.14254,60.739838,11.164783,6.688778,17.448587,49.009739,3.547572,44.57967,3.558319,24.287458,NaN,NaN,51.193886,37.432678,34.390034,12.860443,23.508541,20.780916,16.986372,3.983991,2.664169
2016-04-30,82.723511,66.23716,10.420469,44.369213,66.588066,124.068031,31.76585,85.263977,6.716169,78.47963,26.1,33.376492,10.671016,13.05728,5.14336,3.990291,10.309972,5.40569,4.54001,172.24733,20.892982,172.013535,8.151876,43.320904,10.155034,5.131181,8.145718,4.292113,79.495224,65.556396,61.000927,10.501024,6.853335,16.920395,44.776035,3.386899,43.386421,3.48225,26.034758,NaN,NaN,59.686665,36.408401,32.560276,12.548202,26.300179,21.361887,16.346798,3.902852,2.655765
2016-05-31,79.133987,71.387939,10.86333,41.699833,64.516518,121.02037,32.274471,86.803215,7.182825,82.038376,23.0,36.256065,11.352526,13.78494,5.229483,4.067961,10.309972,5.612626,4.796992,176.306732,22.326109,175.316925,7.973639,47.902489,9.622312,5.11148,8.444159,4.386351,79.540092,61.416946,59.293324,12.134895,6.679098,16.483267,45.578468,3.245517,44.757942,3.625935,22.671207,NaN,NaN,62.485958,34.871983,32.044193,13.15317,26.867655,20.736227,15.631978,3.967763,2.596935
2016-06-30,84.983627,73.586731,11.263955,44.51799,68.965927,126.69178,35.177437,103.548149,8.253386,86.814583,25.799999,40.603092,12.410661,14.132305,4.516371,4.995192,10.9069,5.640321,4.784228,179.971954,23.237381,185.67067,8.222194,53.667442,10.916055,5.082492,8.358508,4.702683,86.97139,63.166451,59.751537,12.91216,6.59813,18.023262,52.170391,3.35932,46.399551,3.957362,26.757946,NaN,NaN,65.206619,38.806469,33.967781,12.803909,30.578657,23.391621,17.115271,4.483847,2.865735
2016-07-31,93.313515,72.448326,11.576863,50.638653,67.376854,124.496384,34.530216,101.868996,8.903042,80.258987,25.25,39.215744,11.908494,16.216497,4.858665,6.092175,11.372211,5.631089,4.888422,178.280304,23.374067,200.902634,8.739187,52.277092,11.834558,5.005192,8.583685,5.245301,87.107788,59.989719,60.16394,12.145446,7.404459,20.425741,51.322857,3.22962,47.3652,4.444145,27.571533,NaN,NaN,85.129524,48.342041,38.128395,14.542712,41.018944,24.954124,17.947802,5.135419,3.135239
2016-08-31,92.283974,72.994751,11.451738,51.053818,69.282486,127.715004,35.025139,109.23864,9.223295,78.245506,29.200001,39.726902,12.303054,15.942263,4.563912,6.777791,10.292688,5.760327,4.905787,193.765335,23.966394,212.052826,9.256182,52.833233,11.799231,4.91823,8.664747,5.200083,85.334709,62.001251,58.926754,13.20839,7.630625,20.192036,53.300434,3.378775,50.000538,4.372029,30.419086,NaN,NaN,79.884117,51.235928,38.175877,14.226566,37.901703,24.080959,19.361166,5.066833,3.180157
2016-09-30,90.454247,72.372643,12.007577,52.125813,66.853935,129.190384,35.383606,108.025925,8.848141,76.410439,31.85,39.959496,11.836758,15.679608,4.539299,7.835596,10.455295,5.854471,4.986712,195.28653,22.122137,204.884857,9.037454,51.257504,11.742045,5.185079,9.001047,5.136777,82.063873,59.073158,57.433472,14.06223,7.905957,18.150867,54.460171,3.536905,47.478691,4.209768,30.509481,NaN,NaN,71.466736,48.816452,39.107716,14.522953,37.505863,25.946415,18.644804,5.066833,3.126256
2016-10-31,89.087311,69.574966,11.407199,55.263634,67.816193,136.615128,32.996449,94.685928,7.905683,73.189163,38.5,36.098446,10.940033,16.122326,4.75043,7.855185,11.206123,6.003392,4.783713,193.95546,20.690432,192.838654,9.365546,49.496395,11.367868,5.117109,8.918971,5.227214,78.184662,60.235107,56.782402,13.992529,8.191122,17.68161,50.336552,3.465259,45.878284,4.281884,34.532211,NaN,NaN,67.796814,45.2584,40.969994,15.7085,38.643902,27.257786,21.829714,5.109699,3.171174
2016-11-30,82.865334,65.355522,13.420345,56.349892,62.638332,134.10585,31.764389,98.344627,7.773538,70.157379,33.799999,35.075043,10.728791,15.163103,4.769623,7.25772,10.868251,5.835856,4.854321,174.179611,18.981625,188.856445,8.9778,47.724827,10.975872,5.612314,8.846014,5.399042,75.921783,57.353485,55.154736,12.720482,8.141954,16.367691,45.075386,3.556447,42.434986,4.191739,30.464285,NaN,NaN,68.038261,46.539295,37.054443,14.760062,33.596939,25.993248,19.554779,4.809633,3.090322
2016-12-31,88.097443,70.105644,11.580974,60.423378,68.320236,147.674423,33.150467,102.945557,8.531931,74.989281,37.150002,36.842747,11.910621,17.063103,5.335836,9.040318,10.830709,5.51009,5.48097,179.408798,21.19846,203.491074,9.166702,50.328865,11.955861,6.039547,8.973689,5.245301,81.140251,58.1436,59.293667,14.410739,8.613954,18.150867,48.725025,4.022773,46.848225,4.308928,31.187471,NaN,NaN,77.261337,45.590485,38.295956,14.404398,45.274223,29.224842,20.861656,4.92966,3.180157
2017-01-31,90.40712,72.970871,11.802163,56.576195,63.829693,147.953232,34.729053,108.792549,9.631602,75.60511,37.200001,38.191788,12.48307,18.169897,4.798414,10.342987,10.455295,5.649704,5.313276,183.211853,22.075953,206.079514,9.385429,50.707626,12.526037,5.738542,8.371796,5.778874,79.062096,59.444984,61.665417,14.149358,9.341616,19.896503,50.052166,4.382538,47.575684,4.588377,29.289103,NaN,NaN,78.951424,44.024948,39.537476,15.115726,49.43055,28.756496,22.894577,5.306886,3.530514
2017-02-28,90.124306,75.096695,12.276175,58.764805,61.401138,146.466278,37.077724,109.463516,9.062808,73.52076,42.549999,40.61076,12.575399,18.953878,5.163094,11.655448,10.398982,6.236082,5.560405,185.969086,20.505697,221.80925,10.33988,51.55986,12.490401,5.524924,8.46299,5.652264,78.554115,56.702797,53.75959,15.717637,10.010279,19.708803,49.625584,4.186305,47.527191,4.579362,33.523907,NaN,NaN,87.836479,46.539295,41.542999,15.906092,56.209312,29.740023,23.088192,5.178286,3.467629
2017-03-31,91.585518,76.899826,12.276175,59.64674,64.150444,149.15976,37.963268,112.954544,9.308275,70.962692,43.299999,41.680683,12.286592,18.815527,5.374223,10.28422,10.58669,6.468772,5.560405,182.166031,20.87517,242.317642,9.981962,52.98024,12.490401,5.321017,8.27148,5.715569,76.614502,63.34911,54.13163,15.804764,10.619943,20.27191,52.896038,4.186305,52.231411,4.579362,32.872055,NaN,NaN,110.290558,48.57925,41.829498,14.878617,63.334438,29.974195,22.894577,5.135419,3.386777
2017-04-30,95.780632,79.852104,13.160925,62.849556,63.967171,155.591492,38.771843,111.59948,9.317882,73.706184,45.049999,41.308537,12.640833,18.584948,5.249464,12.634897,11.600309,6.794537,5.639839,189.001312,21.614113,266.410065,11.115372,58.235653,14.325652,5.03943,8.116446,5.824092,79.847176,62.419559,50.829784,16.536627,11.465604,21.49198,55.455524,4.546058,53.589333,4.696551,33.477352,NaN,NaN,79.772324,50.619194,47.70282,15.570187,60.068756,32.924782,24.782293,5.178286,3.503563
2017-05-31,94.173851,77.415298,12.756496,68.219231,65.034561,155.585968,36.889046,111.018738,9.519609,73.273758,47.400002,42.375332,11.932349,18.511745,5.145865,16.493929,11.018415,7.556952,5.375058,193.901718,21.106091,278.602203,11.532945,56.24712,13.648569,4.641325,7.79726,5.471391,76.522141,62.460705,54.767921,15.1426,11.330909,21.351202,59.151672,4.513356,55.975883,4.750638,33.291107,NaN,NaN,94.258835,48.674126,49.135342,15.115726,69.64386,34.985508,23.088192,4.7239,3.440678
2017-06-30,98.882538,78.567932,13.039759,73.665497,73.004723,161.969452,39.214237,117.116539,10.144004,74.859352,48.349998,43.532337,12.02557,18.473772,5.15563,17.842228,11.360531,7.0295,5.233841,214.079788,24.92882,312.728973,11.274447,61.260292,13.944815,4.904126,8.180284,6.186224,78.475243,69.363762,56.66959,17.419369,12.106182,24.20793,61.183048,4.528274,60.391155,4.930927,34.722572,NaN,NaN,102.96048,50.380451,55.342915,15.13353,92.52684,36.603985,24.22102,5.202973,3.458645
2017-07-31,98.402061,78.001678,13.057324,71.364914,65.081734,171.497101,42.077225,126.40844,10.278488,76.541039,49.099998,44.110836,12.622189,18.075058,5.057985,19.007999,11.49441,7.844654,5.463709,205.239868,25.728424,328.295563,11.3341,62.321491,13.439432,4.874876,8.760577,6.528845,77.772484,67.50708,62.184422,18.037014,12.14594,23.581034,66.454948,4.523488,58.919399,5.565046,33.573135,NaN,NaN,139.795044,60.456543,60.045742,18.176146,111.62915,37.936768,24.56354,5.373709,3.894192
2017-08-31,95.951614,75.547913,12.951541,72.596169,64.44252,182.649002,44.896786,122.827179,10.778004,72.841324,55.0,44.454453,12.789987,17.600399,5.360683,21.73472,11.035398,7.959734,5.33601,204.275513,23.894037,335.480164,10.797221,61.067345,13.196101,4.826128,9.434469,6.167189,75.552879,64.598053,68.745163,16.434719,13.000728,23.050579,62.5373,5.438723,56.762642,5.508066,38.93718,NaN,NaN,128.52916,59.010212,57.920231,21.725863,123.5681,36.127987,22.75308,5.122097,3.63899
2017-09-30,95.91851,75.424393,13.15584,72.264244,64.394897,177.181061,44.599094,123.504715,11.162246,74.982155,53.099998,44.064503,12.528966,17.164112,6.273411,23.858793,11.022881,7.623014,5.329199,211.279236,24.107914,349.051025,11.01595,63.237991,14.038404,4.999022,10.154572,6.624018,74.789238,65.27095,74.304253,16.685358,13.477818,22.511444,62.439579,6.022449,57.846653,5.878436,35.201508,NaN,NaN,140.295013,64.933937,66.809868,21.477282,113.61898,35.868931,25.248577,5.283848,3.676798
2017-10-31,95.19223,75.709564,13.565307,74.717331,63.53756,186.305771,44.730595,123.504715,10.874064,73.084488,56.150002,44.795662,13.569209,17.604706,6.017756,26.872017,10.6754,7.99934,5.189691,228.788574,22.964457,382.179962,11.254562,67.193375,14.501558,5.156161,10.116324,6.481259,75.648338,63.732899,73.579567,17.204535,15.406061,21.736858,63.996918,6.756249,62.37978,5.764476,36.350945,45.450752,NaN,153.558197,68.736374,75.100151,19.727282,129.338593,38.137894,24.808197,5.193987,3.582278
2017-11-30,94.998543,75.994705,13.636489,76.585266,62.823124,187.271072,45.169182,129.196304,11.604836,70.408287,62.700001,44.649429,13.281319,18.294336,6.440571,26.773224,10.887749,8.510758,5.329199,233.263184,23.964983,405.130707,10.498957,71.140076,13.746269,5.352587,10.728275,6.852432,75.648338,64.549988,83.821762,18.126528,15.684363,22.269386,66.478928,9.188594,65.681076,5.973402,38.649815,50.072865,NaN,136.954651,72.538811,79.342819,23.117908,99.391739,38.234444,24.025293,5.211959,3.629538
2017-12-31,102.261429,76.463936,13.761129,80.656403,66.252441,179.741608,47.975819,134.645523,12.514243,76.149948,69.300003,43.674549,13.837906,19.826847,6.835859,24.747942,11.910889,9.350254,6.287153,288.320282,28.872322,462.607391,11.65225,67.948837,13.632976,6.089181,11.646203,8.584576,78.846085,66.953194,72.468376,21.796591,17.254789,30.208906,72.659615,9.582028,66.025986,7.027532,44.636463,52.04689,NaN,128.505508,78.729958,90.364006,25.40484,107.749001,38.572376,25.884687,6.0926,4.451855
2018-01-31,94.901711,75.745735,13.778852,74.717331,63.394684,187.753738,44.730595,129.49353,11.782763,77.074455,68.5,40.457451,13.281319,17.911211,6.539078,25.241913,10.984272,9.359904,5.859329,276.258301,26.204256,431.274628,10.081384,65.690422,12.858804,5.431157,10.900387,7.756573,70.064201,63.156128,73.917755,19.916803,17.970425,27.062145,65.89492,9.84783,64.597076,6.419746,42.289703,51.228394,NaN,153.165207,75.561256,81.391006,25.703136,130.035034,38.234444,22.75308,5.643293,4.035971
2018-02-28,90.931328,76.511818,14.348504,72.34613,66.633469,175.301193,44.81839,122.855385,10.952434,77.025795,71.25,41.139866,12.187337,17.508926,6.222511,22.327486,10.598181,8.066886,6.40806,248.243362,25.966034,408.722992,9.842771,65.78862,13.519682,5.293659,11.053375,7.670918,68.680092,61.666149,70.24601,17.455175,20.723637,27.643085,64.094246,10.23327,65.434715,6.391255,41.299255,49.206219,NaN,139.116074,80.582428,77.831062,26.747169,144.162781,36.882721,21.138346,5.526474,3.988711
2018-03-31,90.156616,80.355118,14.63333,76.941086,55.678722,195.791016,43.897411,126.800003,11.6,75.906654,69.400002,43.138367,13.146827,17.853741,6.895215,20.746778,11.621321,7.902846,7.1335,250.188858,25.299015,390.162811,11.115372,68.341606,14.274972,5.68651,12.583254,7.918366,71.782387,59.695518,67.637161,17.419369,20.077576,28.804966,66.235588,11.097049,69.672195,6.628672,44.773479,56.813442,NaN,112.294952,84.043617,75.636581,25.355124,129.438095,39.441341,22.01911,5.805044,4.064327
2018-04-30,85.750473,81.242477,15.096257,74.252548,51.963631,192.553986,45.256878,126.599998,12.04,79.819534,69.050003,43.040882,13.146827,17.598534,7.696525,21.981705,11.254536,7.767756,7.1335,249.683105,25.013153,398.345276,10.598377,68.145226,15.162436,6.373997,12.621501,7.537676,66.818726,56.90781,72.178505,18.350311,24.401211,27.885143,63.753582,13.183633,70.953308,6.172832,45.947865,59.348156,NaN,116.02829,89.503532,75.002617,28.338079,158.78801,38.089619,21.431932,5.58039,3.875288
2018-05-31,82.399734,83.312973,14.706373,72.685966,54.099831,193.727844,40.0383,118.400002,11.04,81.99015,60.75,43.128071,12.352983,15.996871,6.905108,20.104616,10.6754,6.165957,6.867846,232.171829,24.632,393.799988,9.8,70.354546,13.047626,5.863292,12.9466,6.900019,68.003036,57.459312,74.418343,16.667454,23.700001,25.609795,61.776657,12.000796,68.287254,5.574542,41.950001,54.741444,18.280001,108.561607,95.226067,70.418579,26.6,145.257187,35.675827,19.817198,5.400668,3.676798
2018-06-30,84.479538,89.05719,15.897085,73.673546,54.790257,210.908615,43.219696,123.0,11.18,83.963432,63.049999,43.724312,13.050015,16.313248,6.420365,17.9,10.93027,6.248191,7.41649,227.843216,24.23484,355.200012,9.67,77.800003,14.999607,5.910495,12.826706,6.766777,69.076263,57.558125,68.849281,16.809128,20.5,28.573526,59.545555,10.696098,68.187714,5.517562,40.400002,56.015644,15.9,99.52858,94.636131,72.12262,24.299999,129.5,37.43338,19.58,5.33343,3.478307
2018-07-31,89.579994,91.639999,16.036011,67.994957,54.297096,210.118683,40.996971,116.5,10.48,87.56469,58.099998,40.196556,12.875758,15.324567,6.41,16.68,11.009189,5.871315,7.73,219.776215,24.431473,340.0,9.13,78.199997,14.008881,5.762486,13.569716,6.95,72.00322,56.71822,69.637825,17.5,19.799999,27.229475,55.48,9.917837,67.391357,5.78,38.299999,51.016872,10.14,86.589867,101.272949,74.896561,22.65,99.75,37.728905,17.74,5.67,3.53
2018-08-31,89.332397,91.043968,15.420768,69.098381,54.5,211.249176,38.873028,114.0,10.68,84.604759,49.650002,41.200001,12.99193,15.126831,6.59,15.6,11.502433,5.51,7.681014,224.0,24.087368,323.200012,9.22,77.050003,13.711662,6.25585,15.153502,6.84,77.150002,62.0,71.165611,17.879999,16.620001,27.279255,58.256477,7.283724,69.581329,5.72,35.450001,50.5,10.08,80.91674,98.716545,78.760277,26.049999,90.300003,36.645309,17.780001,5.87,3.48
2018-09-30,78.949997,87.900002,14.96,64.305435,52.349998,182.433441,36.5,101.900002,9.94,81.349998,42.400002,38.0,11.907656,14.2,5.6,15.0,11.76,5.49,6.36,208.0,24.549999,267.0,8.14,69.5,13.652218,5.74,13.46,6.22,73.300003,57.299999,62.099998,17.76,16.540001,26.6,50.900002,7.03,59.349998,5.3,30.9,48.549999,6.9,59.650002,86.599998,73.849998,23.1,68.0,29.299999,15.62,5.88,3.34
2018-10-31,81.900002,87.650002,15.14,66.400002,53.049999,192.300003,37.849998,106.900002,10.34,86.0,47.900002,38.900002,12.76,14.68,5.77,17.16,12.06,6.0,6.59,227.199997,26.549999,303.600006,8.54,72.300003,13.94,5.82,13.58,6.58,74.050003,58.900002,63.799999,18.860001,18.26,28.5,53.700001,8.19,64.25,5.56,35.200001,49.950001,7.06,67.099998,94.300003,79.050003,25.0,80.5,30.85,16.74,5.93,3.46
